frame,video_time_s,inference_ms,n_pets,best_label,best_conf,x1,y1,x2,y2,frame_w,frame_h
0,0.0,5.5,1,cat,0.623,71.0,3.1,600.9,365.7,848,478
5,0.17,5.6,1,cat,0.678,-27.0,4.4,544.8,373.1,848,478
10,0.33,5.5,1,cat,0.676,-26.0,7.3,561.0,382.8,848,478
15,0.5,6.7,1,cat,0.718,-23.4,2.5,588.8,365.1,848,478
20,0.67,6.1,1,cat,0.712,1.6,12.3,476.7,387.7,848,478
25,0.83,6.4,1,cat,0.675,7.9,9.4,462.5,392.3,848,478
30,1.0,5.6,1,cat,0.738,-21.2,9.4,594.2,386.5,848,478
35,1.17,5.6,1,cat,0.685,-29.5,8.7,609.1,365.9,848,478
40,1.33,5.5,1,cat,0.717,4.5,3.9,634.2,375.2,848,478
45,1.5,5.5,1,cat,0.735,-1.6,1.4,644.2,399.3,848,478
50,1.67,5.5,1,cat,0.784,-7.0,1.8,662.5,414.1,848,478
55,1.83,5.4,1,cat,0.759,6.6,-3.8,617.0,407.4,848,478
60,2.0,5.6,1,cat,0.757,-1.8,-1.7,637.0,406.3,848,478
65,2.17,5.5,2,cat,0.586,6.6,12.3,379.5,389.4,848,478
70,2.33,5.4,1,cat,0.659,46.1,-1.4,619.6,401.0,848,478
75,2.5,5.4,1,cat,0.736,4.4,12.0,448.1,389.6,848,478
80,2.67,5.8,1,cat,0.686,-9.4,3.8,629.8,381.5,848,478
85,2.83,5.7,1,cat,0.768,-8.4,8.7,608.7,375.6,848,478
90,3.0,5.6,1,cat,0.715,-12.7,15.2,619.6,374.2,848,478
95,3.17,6.0,1,cat,0.771,-7.7,19.8,630.4,391.4,848,478
100,3.33,5.5,1,cat,0.735,20.0,6.7,650.6,395.0,848,478
105,3.5,5.6,1,cat,0.718,-12.6,6.9,646.6,395.4,848,478
110,3.67,5.5,1,cat,0.717,-27.5,3.0,681.9,395.6,848,478
115,3.83,5.7,1,cat,0.754,-25.5,7.9,697.4,379.1,848,478
120,4.0,5.8,1,cat,0.681,-32.2,12.3,708.3,372.1,848,478
125,4.17,5.9,1,cat,0.728,-10.0,14.7,677.8,384.9,848,478
130,4.33,5.9,1,cat,0.722,-26.1,8.8,707.8,387.1,848,478
135,4.5,5.5,1,cat,0.709,1.9,2.7,680.6,404.9,848,478
140,4.67,5.6,1,cat,0.743,-8.2,6.5,647.9,385.7,848,478
145,4.83,5.6,1,cat,0.719,-22.3,12.2,663.1,396.8,848,478
150,5.0,5.7,1,cat,0.612,-51.8,8.1,652.1,391.8,848,478
155,5.17,5.7,1,cat,0.756,43.0,17.6,637.0,399.6,848,478
160,5.33,5.8,1,cat,0.741,-30.8,10.0,618.5,399.9,848,478
165,5.5,5.7,1,cat,0.743,-19.1,13.5,637.4,404.6,848,478
170,5.67,5.7,1,cat,0.739,-30.3,15.2,642.6,404.5,848,478
175,5.83,5.9,1,cat,0.733,-39.7,10.6,657.3,396.3,848,478
180,6.0,5.6,1,cat,0.741,-47.5,10.4,642.1,399.9,848,478
185,6.17,5.5,1,cat,0.759,-12.0,0.4,609.8,403.4,848,478
190,6.33,5.5,1,cat,0.775,-17.3,0.7,615.0,412.5,848,478
195,6.5,5.9,1,cat,0.754,-25.6,1.1,611.2,407.1,848,478
200,6.67,9.4,1,cat,0.75,-12.0,3.2,597.7,404.2,848,478
205,6.83,7.4,1,cat,0.746,-14.3,1.4,587.4,404.6,848,478
210,7.0,7.4,1,cat,0.764,-10.0,-0.9,584.4,401.3,848,478
215,7.17,7.1,1,cat,0.768,-4.1,1.4,595.7,405.1,848,478
220,7.33,6.3,1,cat,0.724,-20.7,-4.0,596.3,399.4,848,478
225,7.5,6.1,1,cat,0.764,-11.8,-2.3,586.7,398.8,848,478
230,7.67,6.0,1,cat,0.735,-8.7,-5.1,591.7,400.8,848,478
235,7.83,6.1,1,cat,0.714,6.2,8.5,447.1,414.9,848,478
240,8.0,9.8,1,cat,0.727,113.7,-0.7,589.7,389.1,848,478
245,8.17,6.1,1,cat,0.643,-12.8,-0.1,633.0,404.2,848,478
250,8.33,8.2,1,cat,0.623,-8.2,1.9,614.8,403.3,848,478
255,8.5,6.4,1,cat,0.605,-14.3,-7.2,614.2,395.3,848,478
260,8.67,6.1,1,cat,0.715,-9.5,6.8,585.9,396.4,848,478
265,8.83,6.0,1,cat,0.643,22.6,14.5,598.9,397.8,848,478
270,9.0,9.2,1,cat,0.744,2.9,14.7,589.8,397.6,848,478
275,9.17,9.3,1,cat,0.751,-5.3,11.1,615.0,394.4,848,478
280,9.33,6.4,1,cat,0.733,-40.3,-1.8,663.0,411.1,848,478
285,9.5,6.0,1,cat,0.752,-40.2,12.4,683.4,409.3,848,478
290,9.67,6.1,1,cat,0.745,-30.1,8.7,692.2,425.5,848,478
295,9.83,5.9,1,cat,0.695,-21.6,7.4,718.1,430.4,848,478
300,10.0,6.0,1,cat,0.736,-31.3,15.4,742.4,422.6,848,478
305,10.17,5.9,1,cat,0.712,33.2,9.3,703.8,403.0,848,478
310,10.33,5.8,1,cat,0.698,21.3,6.2,689.3,418.8,848,478
315,10.5,5.9,1,cat,0.658,5.6,5.5,732.4,421.2,848,478
320,10.67,5.7,1,cat,0.757,14.2,9.1,668.9,420.8,848,478
325,10.83,5.7,1,cat,0.704,29.8,10.3,683.3,427.1,848,478
330,11.0,5.9,1,cat,0.634,3.4,1.5,736.8,428.2,848,478
335,11.17,5.7,1,cat,0.701,26.5,6.7,686.5,437.0,848,478
340,11.33,5.7,1,cat,0.734,43.1,2.3,668.4,447.8,848,478
345,11.5,5.7,1,cat,0.721,25.7,7.9,686.7,446.0,848,478
350,11.67,5.8,1,cat,0.759,7.5,9.2,703.6,423.2,848,478
355,11.83,5.8,1,cat,0.737,18.6,-0.7,702.4,421.9,848,478
360,12.0,5.7,1,cat,0.731,5.4,0.4,695.2,409.6,848,478
365,12.17,5.6,1,cat,0.758,14.6,7.5,727.3,429.4,848,478
370,12.33,5.8,1,cat,0.757,15.2,1.2,707.3,410.8,848,478
375,12.5,5.7,1,cat,0.756,15.6,-0.2,717.8,414.5,848,478
380,12.67,5.7,1,cat,0.771,8.0,7.8,704.6,426.7,848,478
385,12.83,5.7,1,cat,0.764,0.9,6.5,727.3,433.1,848,478
390,13.0,5.8,1,cat,0.751,-22.6,5.7,735.8,430.1,848,478
395,13.17,5.5,1,cat,0.795,13.4,-4.1,589.6,463.8,848,478
400,13.33,5.9,1,cat,0.732,-32.9,-10.2,694.2,435.5,848,478
405,13.5,5.7,1,cat,0.763,-28.5,-12.6,683.1,429.6,848,478
410,13.67,5.9,1,cat,0.722,1.3,-7.6,675.9,442.7,848,478
415,13.83,5.5,1,cat,0.77,3.4,-14.7,639.1,430.7,848,478
420,14.0,5.6,1,cat,0.754,-4.2,-17.7,667.5,445.5,848,478
425,14.17,6.2,1,cat,0.77,-6.9,-5.9,589.7,438.0,848,478
430,14.33,6.9,1,cat,0.748,0.9,-22.0,617.5,435.6,848,478
435,14.5,6.0,1,cat,0.743,-5.3,-20.2,562.5,441.5,848,478
440,14.67,6.3,1,cat,0.777,-1.8,3.1,576.2,439.7,848,478
445,14.83,5.9,1,cat,0.792,-5.3,-14.5,530.1,441.9,848,478
450,15.0,5.6,1,cat,0.803,-20.5,-0.9,532.0,434.1,848,478
455,15.17,5.8,1,cat,0.799,-16.3,0.3,488.0,398.7,848,478
460,15.33,5.7,1,cat,0.829,-1.9,2.1,486.6,403.8,848,478
465,15.5,5.5,1,cat,0.839,-2.6,5.2,505.4,413.0,848,478
470,15.67,6.1,1,cat,0.823,5.2,-5.1,477.5,409.4,848,478
475,15.83,5.9,1,cat,0.842,0.8,11.3,489.9,417.6,848,478
480,16.0,5.8,1,cat,0.832,1.1,13.9,472.6,408.5,848,478
485,16.17,5.9,1,cat,0.848,-0.0,10.9,459.4,415.9,848,478
490,16.33,6.5,1,cat,0.836,1.8,17.9,479.0,406.7,848,478
495,16.5,5.9,1,cat,0.84,0.8,18.1,487.8,408.9,848,478
500,16.67,6.0,1,cat,0.827,4.6,17.1,493.6,411.4,848,478
505,16.83,5.8,1,cat,0.846,-1.5,16.3,468.2,416.6,848,478
510,17.0,5.7,1,cat,0.844,4.3,16.5,489.4,411.8,848,478
515,17.17,6.3,1,cat,0.856,6.3,16.3,477.0,406.0,848,478
520,17.34,5.8,1,cat,0.838,2.4,13.0,497.8,410.8,848,478
525,17.5,6.0,1,cat,0.846,2.8,12.0,489.1,410.7,848,478
530,17.67,5.7,1,cat,0.844,4.3,10.6,485.2,408.4,848,478
535,17.84,5.8,1,cat,0.836,-2.3,13.4,481.5,411.5,848,478
540,18.0,5.8,1,cat,0.852,3.6,10.2,486.7,410.6,848,478
545,18.17,5.9,1,cat,0.858,4.6,7.9,488.7,408.3,848,478
550,18.34,5.8,1,cat,0.837,3.0,20.3,496.9,406.4,848,478
555,18.5,6.0,1,cat,0.846,3.1,10.0,495.9,406.4,848,478
560,18.67,5.7,1,cat,0.831,5.8,7.5,484.8,413.5,848,478
565,18.84,5.8,1,cat,0.835,8.1,1.4,470.9,414.2,848,478
570,19.0,5.7,1,cat,0.825,2.7,-5.6,481.4,403.9,848,478
575,19.17,5.6,1,cat,0.836,0.7,1.6,469.4,412.8,848,478
580,19.34,5.8,1,cat,0.836,-5.3,5.1,505.4,409.9,848,478
585,19.5,5.8,1,cat,0.828,-5.1,9.2,508.6,410.9,848,478
590,19.67,5.8,1,cat,0.831,-2.5,4.5,498.3,413.0,848,478
595,19.84,6.0,1,cat,0.831,-4.4,5.5,505.4,413.4,848,478
600,20.0,6.0,1,cat,0.839,-2.5,3.8,503.8,409.9,848,478
605,20.17,5.7,1,cat,0.84,-4.2,4.7,502.1,411.7,848,478
610,20.34,5.6,1,cat,0.84,-1.7,8.3,479.8,413.2,848,478
615,20.5,5.7,1,cat,0.847,-4.4,13.4,503.1,409.6,848,478
620,20.67,5.9,1,cat,0.846,-4.5,10.4,502.0,408.0,848,478
625,20.84,5.7,1,cat,0.847,-3.8,9.9,509.1,406.6,848,478
630,21.0,5.8,1,cat,0.841,-4.8,6.8,510.2,408.5,848,478
635,21.17,6.0,1,cat,0.85,-1.9,10.6,509.4,407.0,848,478
640,21.34,6.0,1,cat,0.845,-2.8,4.8,498.5,412.6,848,478
645,21.5,5.8,1,cat,0.844,1.4,-2.5,500.7,398.9,848,478
650,21.67,5.7,1,cat,0.843,-7.1,0.6,476.8,414.8,848,478
655,21.84,5.9,1,cat,0.842,-7.6,-0.2,470.4,410.9,848,478
660,22.0,5.8,1,cat,0.834,-5.6,1.8,474.0,401.1,848,478
665,22.17,5.9,1,cat,0.842,-1.6,10.2,469.3,403.4,848,478
670,22.34,5.9,1,cat,0.832,2.6,0.5,466.6,399.5,848,478
675,22.5,5.8,1,cat,0.844,7.0,-14.0,444.5,405.1,848,478
680,22.67,5.7,1,cat,0.848,7.4,-11.7,444.0,401.5,848,478
685,22.84,5.7,1,cat,0.857,14.1,1.7,434.9,403.4,848,478
690,23.0,6.1,1,cat,0.846,10.3,-2.0,458.5,405.3,848,478
695,23.17,5.9,1,cat,0.844,3.4,-10.4,454.3,404.9,848,478
700,23.34,5.8,1,cat,0.862,7.7,-6.1,431.0,405.1,848,478
705,23.5,5.8,1,cat,0.844,11.4,-13.6,451.8,401.0,848,478
710,23.67,5.8,1,cat,0.827,8.6,-4.1,473.7,398.1,848,478
715,23.84,5.7,1,cat,0.789,1.7,2.7,535.4,386.6,848,478
720,24.0,6.0,1,cat,0.779,-5.3,8.0,616.8,393.0,848,478
725,24.17,5.8,1,cat,0.762,-38.3,-0.9,681.2,378.6,848,478
730,24.34,5.9,1,cat,0.76,-12.2,1.9,652.1,394.8,848,478
735,24.5,5.7,1,cat,0.765,-7.7,4.3,678.1,402.4,848,478
740,24.67,5.6,1,cat,0.761,-20.8,8.2,714.1,388.3,848,478
745,24.84,5.6,1,cat,0.738,-39.9,11.7,746.7,387.0,848,478
750,25.0,5.7,1,cat,0.779,-1.0,15.1,719.2,396.1,848,478
755,25.17,5.6,1,cat,0.71,-23.3,7.7,732.3,400.3,848,478
760,25.34,5.6,1,cat,0.759,20.3,4.7,729.8,400.6,848,478
765,25.5,5.6,1,cat,0.754,-11.6,8.1,731.9,398.9,848,478
770,25.67,5.5,1,cat,0.756,-7.6,3.1,743.6,399.4,848,478
775,25.84,5.8,1,cat,0.768,-2.2,7.0,740.3,400.2,848,478
780,26.0,5.8,1,cat,0.777,-27.5,3.6,755.5,400.0,848,478
785,26.17,5.6,1,cat,0.769,-12.0,2.5,743.8,399.2,848,478
790,26.34,5.4,1,cat,0.774,-6.5,5.4,734.1,396.8,848,478
795,26.5,5.5,1,cat,0.78,-7.2,5.0,736.8,397.5,848,478
800,26.67,5.6,1,cat,0.76,-4.4,-2.0,740.7,395.8,848,478
805,26.84,5.4,1,cat,0.754,-2.7,-5.5,723.5,398.5,848,478
810,27.0,5.7,1,cat,0.754,0.0,-6.3,719.9,404.4,848,478
815,27.17,5.5,1,cat,0.746,-5.4,-8.8,732.9,401.8,848,478
820,27.34,5.6,1,cat,0.768,-19.9,4.7,729.1,398.7,848,478
825,27.5,5.6,1,cat,0.767,-15.8,2.9,748.9,401.1,848,478
830,27.67,5.5,1,cat,0.765,-17.4,6.0,754.5,398.7,848,478
835,27.84,5.4,1,cat,0.772,3.0,6.5,688.6,409.3,848,478
840,28.0,5.5,1,cat,0.697,25.1,5.9,664.0,396.9,848,478
845,28.17,5.6,1,cat,0.717,-17.3,6.9,696.8,395.1,848,478
850,28.34,5.5,1,cat,0.772,2.7,6.5,646.5,374.4,848,478
855,28.5,5.4,1,cat,0.773,-8.6,3.3,584.7,390.0,848,478
860,28.67,5.3,1,cat,0.822,5.9,2.7,529.3,389.4,848,478
865,28.84,5.4,1,cat,0.804,4.2,-13.9,503.1,389.4,848,478
870,29.0,5.5,1,cat,0.823,-7.0,-10.2,477.3,386.8,848,478
875,29.17,5.5,1,cat,0.798,7.4,10.6,492.5,398.0,848,478
880,29.34,5.5,1,cat,0.806,7.6,-3.1,478.6,392.1,848,478
885,29.5,5.4,1,cat,0.823,6.3,-5.0,482.8,388.1,848,478
890,29.67,5.4,1,cat,0.817,3.2,-7.4,472.9,388.3,848,478
895,29.84,5.7,1,cat,0.833,6.1,-8.2,476.5,389.6,848,478
900,30.0,5.3,1,cat,0.83,6.4,-0.4,462.1,393.6,848,478
905,30.17,5.3,1,cat,0.832,6.4,-0.4,459.9,390.0,848,478
910,30.34,5.5,1,cat,0.825,6.4,1.8,459.7,394.8,848,478
915,30.5,5.4,1,cat,0.832,7.4,-3.1,451.1,391.9,848,478
920,30.67,5.5,1,cat,0.84,6.7,1.0,452.7,387.1,848,478
925,30.84,5.4,1,cat,0.833,3.5,1.1,459.8,388.3,848,478
930,31.0,5.5,1,cat,0.835,3.7,-1.9,460.3,385.3,848,478
935,31.17,5.4,1,cat,0.829,5.8,-0.8,453.2,381.5,848,478
940,31.34,5.6,1,cat,0.828,0.3,0.2,466.4,382.7,848,478
945,31.5,5.3,1,cat,0.814,1.2,-4.4,476.9,383.4,848,478
950,31.67,5.3,1,cat,0.834,4.6,-7.4,477.9,387.6,848,478
955,31.84,5.5,1,cat,0.832,4.7,-7.8,487.9,386.2,848,478
960,32.0,5.5,1,cat,0.843,2.7,-6.8,479.3,384.6,848,478
965,32.17,5.7,1,cat,0.82,4.3,-5.6,487.6,383.2,848,478
970,32.34,5.5,1,cat,0.795,3.3,-5.2,497.1,387.8,848,478
975,32.5,5.4,1,cat,0.806,-9.2,-9.5,493.6,380.6,848,478
980,32.67,5.6,1,cat,0.802,-7.6,-2.4,497.6,380.5,848,478
985,32.84,6.8,1,cat,0.808,-10.9,-1.7,511.4,387.0,848,478
990,33.0,6.2,1,cat,0.808,-5.4,-2.4,496.4,386.4,848,478
995,33.17,6.2,1,cat,0.784,-12.0,-2.8,516.7,388.8,848,478
1000,33.34,5.9,1,cat,0.764,1.0,-6.1,506.7,385.8,848,478
1005,33.5,6.1,1,cat,0.757,-6.7,-7.1,508.6,380.5,848,478
1010,33.67,5.9,1,cat,0.786,-1.5,-3.9,510.3,382.1,848,478
1015,33.84,5.9,1,cat,0.773,1.4,-7.3,495.2,382.2,848,478
1020,34.0,5.9,1,cat,0.784,-5.1,-8.0,487.8,388.3,848,478
1025,34.17,5.9,1,cat,0.802,-10.6,-12.0,487.7,387.8,848,478
1030,34.34,5.6,1,cat,0.804,-8.9,-11.2,484.0,385.2,848,478
1035,34.5,6.0,1,cat,0.806,-9.2,-2.4,470.8,379.8,848,478
1040,34.67,6.0,1,cat,0.806,-18.0,-3.0,469.1,372.5,848,478
1045,34.84,6.2,1,cat,0.802,-13.0,2.8,479.8,376.1,848,478
1050,35.0,6.0,1,cat,0.796,-10.1,-7.4,484.4,388.1,848,478
1055,35.17,5.7,1,cat,0.791,-19.5,1.9,475.0,371.3,848,478
1060,35.34,5.8,1,cat,0.808,-5.4,-4.8,466.7,382.4,848,478
1065,35.5,5.7,1,cat,0.799,-10.9,5.5,467.3,373.5,848,478
1070,35.67,5.5,1,cat,0.815,-6.4,-6.3,463.6,379.7,848,478
1075,35.84,5.7,1,cat,0.805,2.3,-5.1,484.3,384.5,848,478
1080,36.0,5.5,1,cat,0.805,-6.3,-3.3,461.9,379.0,848,478
1085,36.17,5.5,1,cat,0.805,-12.7,-4.4,465.6,378.0,848,478
1090,36.34,5.4,1,cat,0.809,8.1,1.8,477.7,379.6,848,478
1095,36.5,5.4,1,cat,0.802,-6.6,1.1,459.2,375.9,848,478
1100,36.67,5.5,1,cat,0.813,5.6,0.2,479.2,373.3,848,478
1105,36.84,5.7,1,cat,0.798,-1.0,-2.0,455.0,373.0,848,478
1110,37.0,5.6,1,cat,0.785,-4.3,-5.8,473.5,375.9,848,478
1115,37.17,5.6,1,cat,0.783,1.3,-6.7,470.9,374.9,848,478
1120,37.34,5.6,1,cat,0.826,2.3,-9.8,466.0,373.8,848,478
1125,37.5,5.5,1,cat,0.828,6.7,-2.2,470.3,377.5,848,478
1130,37.67,5.4,1,cat,0.827,-2.8,-7.2,463.0,368.6,848,478
1135,37.84,5.6,1,cat,0.834,5.9,-2.9,467.3,375.8,848,478
1140,38.0,5.7,1,cat,0.824,3.7,2.2,479.3,371.1,848,478
1145,38.17,5.6,1,cat,0.817,-3.8,-6.2,467.8,367.0,848,478
1150,38.34,5.7,1,cat,0.805,-1.1,-4.2,472.0,366.2,848,478
1155,38.5,5.7,1,cat,0.821,-1.7,-4.9,465.8,368.8,848,478
1160,38.67,5.6,1,cat,0.836,7.5,-0.9,461.8,371.2,848,478
1165,38.84,5.4,1,cat,0.831,4.8,-2.3,461.2,369.8,848,478
1170,39.0,5.5,1,cat,0.825,4.1,-2.9,458.2,373.1,848,478
1175,39.17,5.7,1,cat,0.829,10.2,-2.5,466.0,373.1,848,478
1180,39.34,5.8,1,cat,0.823,6.4,-1.0,468.8,372.4,848,478
1185,39.5,5.6,1,cat,0.823,4.7,-1.9,467.7,372.8,848,478
1190,39.67,5.7,1,cat,0.822,3.6,0.6,468.5,375.5,848,478
1195,39.84,5.6,1,cat,0.823,4.0,3.9,469.4,373.7,848,478
1200,40.0,5.6,1,cat,0.811,3.9,2.2,480.4,371.8,848,478
1205,40.17,5.6,1,cat,0.818,8.5,2.8,473.5,369.4,848,478
1210,40.34,5.4,1,cat,0.816,6.4,1.4,483.7,373.0,848,478
1215,40.5,6.0,1,cat,0.828,2.4,-2.1,453.3,376.1,848,478
1220,40.67,5.8,1,cat,0.829,6.0,4.1,462.3,373.7,848,478
1225,40.84,5.9,1,cat,0.828,5.1,1.6,456.5,368.9,848,478
1230,41.0,5.7,1,cat,0.835,6.5,-0.2,463.1,371.3,848,478
1235,41.17,5.6,1,cat,0.834,4.4,1.9,471.4,371.9,848,478
1240,41.34,5.7,1,cat,0.832,6.3,0.8,474.6,374.6,848,478
1245,41.5,5.6,1,cat,0.835,3.8,0.9,471.7,373.9,848,478
1250,41.67,5.4,1,cat,0.834,7.6,-1.0,479.4,374.7,848,478
1255,41.84,5.7,1,cat,0.833,8.3,-0.2,479.9,373.6,848,478
1260,42.0,5.5,1,cat,0.835,5.9,-3.1,477.4,370.0,848,478
1265,42.17,5.6,1,cat,0.826,5.0,-6.1,486.4,375.3,848,478
1270,42.34,5.7,1,cat,0.829,6.2,-5.5,483.5,379.1,848,478
1275,42.5,5.6,1,cat,0.824,7.3,-2.8,486.0,382.8,848,478
1280,42.67,5.6,1,cat,0.815,6.4,-2.7,478.8,383.9,848,478
1285,42.84,5.7,1,cat,0.82,1.5,1.3,488.7,379.4,848,478
1290,43.0,5.5,1,cat,0.821,2.9,-1.4,491.7,380.6,848,478
1295,43.17,5.5,1,cat,0.814,0.8,1.6,500.5,389.0,848,478
1300,43.34,5.9,1,cat,0.817,-6.6,14.1,472.2,375.9,848,478
1305,43.5,6.6,1,cat,0.814,-9.4,12.6,470.5,374.0,848,478
1310,43.67,5.6,1,cat,0.807,-9.6,12.6,476.5,374.9,848,478
1315,43.84,5.9,1,cat,0.82,-8.7,0.5,484.8,382.7,848,478
1320,44.0,5.8,1,cat,0.805,-12.1,11.7,479.5,379.9,848,478
1325,44.17,5.7,1,cat,0.813,-5.6,12.5,483.5,378.6,848,478
1330,44.34,5.8,1,cat,0.809,3.3,12.5,497.2,384.1,848,478
1335,44.5,5.9,1,cat,0.835,4.2,3.9,494.0,387.2,848,478
1340,44.67,5.8,1,cat,0.821,1.8,4.6,485.1,389.9,848,478
1345,44.84,5.6,1,cat,0.813,-2.5,5.1,480.0,388.5,848,478
1350,45.0,5.7,1,cat,0.813,1.7,8.3,463.5,390.4,848,478
1355,45.17,6.0,1,cat,0.827,1.0,-13.4,460.9,395.2,848,478
1360,45.34,6.0,1,cat,0.829,2.6,-6.4,439.8,396.1,848,478
1365,45.5,5.5,1,cat,0.812,2.3,-8.7,442.7,388.0,848,478
1370,45.67,5.8,1,cat,0.78,-11.5,-4.5,444.0,388.2,848,478
1375,45.84,5.7,1,cat,0.787,-7.9,-6.6,421.4,389.2,848,478
1380,46.0,5.8,1,cat,0.713,-4.2,-6.0,400.6,396.1,848,478
1385,46.17,5.8,1,cat,0.712,-6.3,-15.3,387.7,386.2,848,478
