frame,video_time_s,inference_ms,n_pets,best_label,best_conf
0,0.0,11.1,1,cat,0.763
5,0.17,9.9,1,cat,0.758
10,0.34,10.8,1,cat,0.764
15,0.5,11.9,1,cat,0.747
20,0.67,12.3,1,cat,0.746
25,0.84,21.4,1,cat,0.754
30,1.01,11.3,1,cat,0.735
35,1.18,11.2,1,cat,0.751
40,1.35,11.0,1,cat,0.744
45,1.51,11.8,1,cat,0.749
50,1.68,11.3,1,cat,0.784
55,1.85,10.7,1,cat,0.76
60,2.02,10.8,1,cat,0.78
65,2.19,11.5,1,cat,0.76
70,2.36,11.4,1,cat,0.74
75,2.52,11.2,1,cat,0.796
80,2.69,12.1,1,cat,0.777
85,2.86,11.9,1,cat,0.778
90,3.03,11.3,1,cat,0.774
95,3.2,10.8,1,cat,0.768
100,3.37,10.7,1,cat,0.767
105,3.53,11.2,1,cat,0.77
110,3.7,12.2,1,cat,0.787
115,3.87,12.1,1,cat,0.784
120,4.04,12.5,1,cat,0.789
125,4.21,11.3,1,cat,0.755
130,4.38,11.2,1,cat,0.753
135,4.54,10.4,1,cat,0.757
140,4.71,11.1,1,cat,0.739
145,4.88,10.8,1,cat,0.758
150,5.05,10.7,1,cat,0.752
155,5.22,10.1,1,cat,0.752
160,5.39,10.0,1,cat,0.745
165,5.55,10.4,1,cat,0.74
170,5.72,10.9,1,cat,0.752
175,5.89,10.2,1,cat,0.745
180,6.06,10.7,1,cat,0.735
185,6.23,11.0,1,cat,0.718
190,6.39,10.8,1,cat,0.786
195,6.56,11.1,1,cat,0.796
200,6.73,13.2,1,cat,0.805
205,6.9,11.3,1,cat,0.818
210,7.07,12.4,1,cat,0.832
215,7.24,11.1,1,cat,0.797
220,7.4,11.0,1,cat,0.852
225,7.57,11.5,1,cat,0.833
230,7.74,12.2,1,cat,0.845
235,7.91,11.5,1,cat,0.841
240,8.08,10.6,1,cat,0.823
245,8.25,11.5,1,cat,0.834
250,8.41,10.3,1,cat,0.838
255,8.58,10.7,1,cat,0.837
260,8.75,11.6,1,cat,0.854
265,8.92,10.7,1,cat,0.848
270,9.09,11.7,1,cat,0.836
275,9.26,10.8,1,cat,0.843
280,9.42,11.2,1,cat,0.843
285,9.59,11.4,1,cat,0.835
290,9.76,12.2,1,cat,0.828
295,9.93,10.0,1,cat,0.83
300,10.1,11.0,1,cat,0.824
305,10.27,9.9,1,cat,0.818
310,10.43,16.8,1,cat,0.839
315,10.6,14.0,1,cat,0.846
320,10.77,11.4,1,cat,0.82
325,10.94,12.2,1,cat,0.837
330,11.11,10.7,1,cat,0.85
335,11.28,10.4,1,cat,0.856
340,11.44,11.7,1,cat,0.85
345,11.61,10.6,1,cat,0.856
350,11.78,11.4,1,cat,0.843
355,11.95,10.7,1,cat,0.843
360,12.12,10.2,1,cat,0.825
365,12.29,10.1,1,cat,0.86
370,12.45,10.3,1,cat,0.838
375,12.62,10.0,1,cat,0.835
380,12.79,11.4,1,cat,0.836
385,12.96,11.5,1,cat,0.84
390,13.13,10.4,1,cat,0.838
395,13.29,12.0,1,cat,0.838
400,13.46,10.8,1,cat,0.837
405,13.63,11.1,1,cat,0.831
410,13.8,10.8,1,cat,0.831
415,13.97,10.9,1,cat,0.84
420,14.14,10.0,1,cat,0.847
425,14.3,11.1,1,cat,0.85
430,14.47,9.9,1,cat,0.834
435,14.64,11.3,1,cat,0.821
440,14.81,10.4,1,cat,0.761
445,14.98,11.9,1,cat,0.708
450,15.15,10.5,1,cat,0.695
455,15.31,9.9,1,cat,0.742
460,15.48,10.5,1,cat,0.644
465,15.65,10.0,1,cat,0.67
470,15.82,10.6,1,cat,0.696
475,15.99,12.3,1,cat,0.666
480,16.16,10.4,1,cat,0.663
485,16.32,11.0,1,cat,0.679
490,16.49,10.2,1,cat,0.693
495,16.66,9.7,1,cat,0.687
500,16.83,10.4,1,cat,0.678
505,17.0,10.4,1,cat,0.691
510,17.17,11.5,1,cat,0.695
515,17.33,10.2,1,cat,0.695
520,17.5,10.4,1,cat,0.71
525,17.67,12.4,1,cat,0.708
530,17.84,12.3,1,cat,0.707
535,18.01,10.2,1,cat,0.71
540,18.18,10.4,1,cat,0.702
545,18.34,10.3,1,cat,0.72
550,18.51,11.2,1,cat,0.694
555,18.68,10.7,1,cat,0.67
560,18.85,9.9,1,cat,0.7
565,19.02,10.5,1,cat,0.67
570,19.18,11.3,1,cat,0.712
575,19.35,10.7,1,cat,0.672
580,19.52,11.5,1,cat,0.665
585,19.69,10.9,1,cat,0.695
590,19.86,11.1,1,cat,0.675
595,20.03,10.6,1,cat,0.666
600,20.19,10.9,1,cat,0.665
605,20.36,11.5,1,cat,0.641
610,20.53,10.7,1,cat,0.646
615,20.7,11.1,1,cat,0.696
620,20.87,10.4,1,cat,0.712
625,21.04,10.9,1,cat,0.696
630,21.2,10.1,1,cat,0.702
635,21.37,9.9,1,cat,0.705
640,21.54,10.0,1,cat,0.678
645,21.71,10.7,1,cat,0.668
650,21.88,10.8,1,cat,0.691
655,22.05,11.0,1,cat,0.669
660,22.21,12.4,1,cat,0.71
665,22.38,11.1,1,cat,0.686
670,22.55,10.2,1,cat,0.738
675,22.72,10.8,1,cat,0.698
680,22.89,10.3,1,cat,0.743
685,23.06,9.9,1,cat,0.753
690,23.22,10.7,1,cat,0.722
695,23.39,10.4,1,cat,0.733
700,23.56,10.7,1,cat,0.679
705,23.73,10.0,1,cat,0.683
710,23.9,10.7,1,cat,0.709
715,24.07,10.3,1,cat,0.682
720,24.23,10.5,1,cat,0.693
725,24.4,10.2,1,cat,0.684
730,24.57,10.4,1,cat,0.709
735,24.74,10.4,1,cat,0.702
740,24.91,10.5,1,cat,0.672
745,25.07,10.1,1,cat,0.712
750,25.24,10.6,1,cat,0.685
755,25.41,11.0,1,cat,0.704
760,25.58,11.2,1,cat,0.711
765,25.75,10.8,1,cat,0.697
770,25.92,10.1,1,cat,0.714
775,26.08,11.1,1,cat,0.723
780,26.25,11.4,1,cat,0.712
785,26.42,11.1,1,cat,0.728
790,26.59,10.9,1,cat,0.728
795,26.76,10.3,1,cat,0.702
800,26.93,10.8,1,cat,0.681
805,27.09,9.7,1,cat,0.715
810,27.26,10.1,1,cat,0.691
815,27.43,10.7,1,cat,0.721
820,27.6,10.6,1,cat,0.709
825,27.77,10.0,1,cat,0.73
830,27.94,10.3,1,cat,0.719
835,28.1,11.1,1,cat,0.726
840,28.27,10.0,1,cat,0.749
845,28.44,9.9,1,cat,0.727
850,28.61,10.9,1,cat,0.742
855,28.78,10.1,1,cat,0.731
860,28.95,10.9,1,cat,0.716
865,29.11,11.1,1,cat,0.694
870,29.28,10.0,1,cat,0.694
875,29.45,11.6,1,cat,0.697
880,29.62,10.8,1,cat,0.73
885,29.79,11.0,1,cat,0.69
890,29.96,10.9,1,cat,0.683
895,30.12,10.9,1,cat,0.753
900,30.29,11.0,1,cat,0.699
905,30.46,11.8,1,cat,0.668
910,30.63,10.3,1,cat,0.663
915,30.8,10.8,1,cat,0.686
920,30.97,10.9,1,cat,0.715
925,31.13,10.8,1,cat,0.731
930,31.3,10.8,1,cat,0.666
935,31.47,10.6,1,cat,0.604
940,31.64,12.1,1,cat,0.679
945,31.81,11.1,1,cat,0.682
950,31.97,10.6,1,cat,0.653
955,32.14,11.4,1,cat,0.775
960,32.31,11.7,1,cat,0.806
965,32.48,10.3,1,cat,0.8
970,32.65,11.6,1,cat,0.785
975,32.82,10.1,1,cat,0.776
980,32.98,10.8,1,cat,0.786
985,33.15,11.0,1,cat,0.809
990,33.32,11.1,1,cat,0.82
995,33.49,10.3,1,cat,0.833
1000,33.66,10.4,1,cat,0.823
1005,33.83,12.2,1,cat,0.801
1010,33.99,10.9,1,cat,0.785
1015,34.16,10.8,1,cat,0.781
1020,34.33,12.0,1,cat,0.774
1025,34.5,11.8,1,cat,0.741
1030,34.67,10.8,1,cat,0.753
1035,34.84,10.8,1,cat,0.778
1040,35.0,11.2,1,cat,0.801
1045,35.17,10.2,1,cat,0.778
1050,35.34,10.6,1,cat,0.778
1055,35.51,11.1,1,cat,0.765
1060,35.68,10.7,1,cat,0.77
1065,35.85,11.1,1,cat,0.757
1070,36.01,11.0,1,cat,0.753
1075,36.18,10.4,1,cat,0.671
1080,36.35,10.1,1,cat,0.735
1085,36.52,10.2,1,cat,0.69
1090,36.69,11.1,1,cat,0.629
1095,36.86,11.8,1,cat,0.639
1100,37.02,11.2,1,cat,0.647
1105,37.19,10.9,1,cat,0.624
1110,37.36,10.5,1,cat,0.63
1115,37.53,11.0,1,cat,0.653
1120,37.7,9.8,1,cat,0.607
1125,37.86,9.9,1,cat,0.681
1130,38.03,10.1,1,cat,0.637
1135,38.2,10.4,1,cat,0.666
1140,38.37,10.4,1,cat,0.628
1145,38.54,10.2,1,cat,0.651
1150,38.71,11.3,1,cat,0.632
1155,38.87,10.9,1,cat,0.629
1160,39.04,10.6,1,cat,0.674
1165,39.21,11.0,1,cat,0.668
1170,39.38,10.4,1,cat,0.646
1175,39.55,11.8,1,cat,0.676
1180,39.72,10.3,1,cat,0.644
1185,39.88,10.4,1,cat,0.656
1190,40.05,11.1,1,cat,0.692
1195,40.22,9.6,1,cat,0.694
1200,40.39,10.2,1,cat,0.696
1205,40.56,10.8,1,cat,0.679
1210,40.73,10.1,1,cat,0.641
1215,40.89,10.1,1,cat,0.647
1220,41.06,10.0,1,cat,0.639
1225,41.23,10.9,1,cat,0.663
1230,41.4,10.8,1,cat,0.675
1235,41.57,10.1,1,cat,0.668
1240,41.74,10.2,1,cat,0.653
1245,41.9,10.1,1,cat,0.672
1250,42.07,11.0,1,cat,0.713
1255,42.24,10.2,1,cat,0.732
1260,42.41,10.8,1,cat,0.701
1265,42.58,11.0,1,cat,0.687
1270,42.75,9.7,1,cat,0.658
1275,42.91,10.2,1,cat,0.639
1280,43.08,10.4,1,cat,0.623
1285,43.25,10.3,1,cat,0.67
1290,43.42,10.5,1,cat,0.683
1295,43.59,11.1,1,cat,0.692
1300,43.76,10.3,1,cat,0.721
1305,43.92,10.7,1,cat,0.708
1310,44.09,9.8,1,cat,0.718
1315,44.26,11.2,1,cat,0.727
1320,44.43,10.5,1,cat,0.731
1325,44.6,10.6,1,cat,0.699
1330,44.76,9.8,1,cat,0.715
1335,44.93,10.4,1,cat,0.735
1340,45.1,11.7,1,cat,0.724
1345,45.27,11.0,1,cat,0.722
1350,45.44,9.8,1,cat,0.705
1355,45.61,10.4,1,cat,0.721
1360,45.77,10.4,0,,
1365,45.94,10.4,0,,
1370,46.11,11.1,0,,
